<?xml version="1.0" encoding="UTF-8"?>
<beans xmlns="http://www.springframework.org/schema/beans"
	xmlns:xsi="http://www.w3.org/2001/XMLSchema-instance"
	xsi:schemaLocation= "http://www.springframework.org/schema/beans
	                     http://www.springframework.org/schema/beans/spring-beans.xsd
	                     http://www.springframework.org/schema/context
                         http://www.springframework.org/schema/context/spring-context.xsd">
<bean

		class="org.springframework.beans.factory.config.PropertyPlaceholderConfigurer">
		<property name="locations">
			<list>
				<value>db.properties</value>
			</list>
		</property>

	</bean>
	<bean id="dataSource"
		class="org.springframework.jdbc.datasource.DriverManagerDataSource">
		<property name="driverClassName" value="${db.driverClassName}"></property>
		<property name="url" value="${db.url}"></property>
		<property name="username" value="${db.username}"></property>
		<property name="password" value="${db.password}"></property>
	</bean>
	<bean id="sessionFactory"
		class="org.springframework.orm.hibernate3.annotation.AnnotationSessionFactoryBean">
		<property name="dataSource" ref="dataSource"></property>
		<property name="annotatedClasses">
			<list>
				<value>com.ajay.Bean.Account</value>
			</list>
		</property>
		<property name="hibernateProperties">
			<props>
				<prop key="hibernate.dialect">org.hibernate.dialect.Oracle10gDialect</prop>
				<prop key="hibernate.hbm2ddl.auto">update</prop>
			<prop key="hibernate.show_sql">true</prop>
				<prop key="hibernate.format_sql">true</prop>
			</props>
		</property>
	</bean>
	
	<bean id="ht" class="org.springframework.orm.hibernate3.HibernateTemplate">
		<constructor-arg index="0" ref="sessionFactory"></constructor-arg>
	</bean>
	
	
		<bean id="acc" class="com.ajay.dao.AccountDaoImpl">
		<property name="ht" ref="ht"></property>
	</bean>
	
	
	
	
	
</beans>
